<Schema name="WikTin">
  <Dimension name="DArticulo">
    <Hierarchy name="JArticulo" hasAll="true" primaryKey="id_articulo">
      <Table name="articulo" schema="wikitin"/>
      <Level name="Categoria" uniqueMembers="false" column="Categoria" type="String">
      </Level>
      <Level name="Titulo" uniqueMembers="false" column="Titulo" type="String">
      </Level>
    </Hierarchy>
  </Dimension>
  <Dimension name="DTiempo">
    <Hierarchy name="JFecha" hasAll="true" primaryKey="id_tiempo">
      <Table name="tiempo" schema="wikitin"/>
      <Level name="Anno" uniqueMembers="false" column="anno" type="String">
      </Level>
      <Level name="Mes" uniqueMembers="false" column="mes" type="String">
      </Level>
      <Level name="Dia" uniqueMembers="false" column="dia" type="String">
      </Level>
    </Hierarchy>
    <Hierarchy name="JHora" hasAll="true" primaryKey="id_tiempo">
      <Table name="tiempo" schema="wikitin"/>
      <Level name="Hora" uniqueMembers="false" column="hora" type="String">
      </Level>
      <Level name="Minutos" uniqueMembers="false" column="minutos" type="String">
      </Level>
      <Level name="Segundos" uniqueMembers="false" column="segundos" type="String">
      </Level>
    </Hierarchy>
  </Dimension>
  <Dimension name="DWiki">
    <Hierarchy name="JWiki" hasAll="true" primaryKey="id_wiki">
      <Table name="wiki" schema="wikitin"/>
      <Level name="Nombre" uniqueMembers="false" column="Nombre" type="String">
      </Level>
    </Hierarchy>
  </Dimension>
  <Dimension name="DUsuario">
    <Hierarchy name="JUsuario" hasAll="true" primaryKey="id_usuario">
      <Table name="usuario" schema="wikitin"/>
      <Level name="Nombre usuario" uniqueMembers="false" column="Nombre_usuario" type="String">
      </Level>
      <Level name="Nombre real" uniqueMembers="false" column="Nombre_real" type="String">
      </Level>
    </Hierarchy>
  </Dimension>
  <Cube name="WikTin">
    <Table name="hechos" schema="wikitin"/>
    <DimensionUsage name="DArticulo" source="DArticulo" foreignKey="id_articulo"/>
    <DimensionUsage name="DTiempo" source="DTiempo" foreignKey="id_tiempo"/>
    <DimensionUsage name="DWiki" source="DWiki" foreignKey="id_wiki"/>
    <DimensionUsage name="DUsuario" source="DUsuario" foreignKey="id_usuario"/>
    <Measure name="Num bytes" column="num_bytes" aggregator="sum" formatString="&#x23;"/>
    <Measure name="Articulos Diferentes" column="id_articulo" aggregator="distinct count" formatString="&#x23;"/>
    <Measure name="Num ediciones" column="num_ediciones" aggregator="sum" formatString="&#x23;"/>
  </Cube>
</Schema>